question,answer
What is E-Cell?, "E-Cell (Entrepreneurship Cell) is a student-driven organization that promotes entrepreneurship and innovation by helping students learn about startups, develop business ideas, connect with mentors, and participate in entrepreneurial activities."
What is E-Cell JNTUH?,"E-Cell JNTUH is a student-driven entrepreneurship cell that promotes innovation, startup culture, leadership, and entrepreneurial thinking among students through events, workshops, competitions, and networking opportunities."
What is the primary goal of E-Cell JNTUH?,"The primary goal is to encourage students to explore entrepreneurship, develop innovative ideas, and connect with mentors, founders, and industry experts."
Who can join E-Cell JNTUH?,"Any interested JNTUH student who wants to learn about startups, innovation, business, leadership, or entrepreneurship can participate in E-Cell activities."
Why should students join E-Cell?,"Students gain exposure to entrepreneurship, networking opportunities, practical business knowledge, teamwork experience, and leadership development."
What is entrepreneurship?,"Entrepreneurship is the process of identifying opportunities, solving problems, and building ventures that create value for customers and society."
What is a startup?,"A startup is a young company created to solve a problem through an innovative product, service, or technology with growth potential."
What is innovation?,"Innovation refers to developing new ideas, processes, products, or services that create value or improve existing solutions."
What is a startup ecosystem?,"A startup ecosystem consists of entrepreneurs, investors, incubators, mentors, universities, and organizations that support startup growth."
What is J-Hub?,"J-Hub is JNTUH's innovation and entrepreneurship hub that supports startups through incubation, mentoring, innovation programs, and entrepreneurial initiatives."
How does J-Hub help startups?,"J-Hub provides mentoring, networking, incubation support, innovation programs, startup guidance, and ecosystem connections."
What is a startup incubator?,"A startup incubator supports early-stage startups by providing resources, mentorship, training, workspace, and business guidance."
What is incubation?,Incubation is the process of supporting startups during their early stages to help them develop sustainable business models.
Who can apply for incubation?,"Students, researchers, innovators, entrepreneurs, and startup founders with promising ideas can apply."
What is a startup pitch?,"A startup pitch is a presentation used to explain a business idea, its value proposition, and growth potential."
What is a pitch deck?,"A pitch deck is a presentation that explains a startup's problem, solution, market, business model, team, and financial plan."
Why are pitch competitions important?,"They provide exposure, feedback, networking opportunities, and possible funding or incubation support."
What is ETHOS?,"ETHOS is an entrepreneurship-focused event that encourages innovation, startup thinking, and business idea development through competitions and activities."
What skills can students develop through E-Cell activities?,"Students can improve communication, leadership, teamwork, networking, problem-solving, pitching, and business skills."
What is networking?,"Networking is the process of building professional relationships with mentors, founders, investors, and peers."
Why is networking important for entrepreneurs?,"Networking can lead to mentorship, partnerships, opportunities, funding, and industry knowledge."
What is mentorship?,Mentorship is guidance provided by experienced professionals who help entrepreneurs make better decisions.
Who are startup mentors?,"Startup mentors may include entrepreneurs, investors, faculty members, industry experts, and business leaders."
What is market research?,"Market research involves studying customers, competitors, and industry trends before launching a product."
Why is market research important?,It helps startups understand customer needs and make informed business decisions.
What is customer validation?,Customer validation confirms that real customers need the proposed solution.
What is an MVP?,A Minimum Viable Product (MVP) is the simplest version of a product used to test customer interest.
Why should startups build an MVP?,"An MVP reduces risk, saves resources, and helps gather customer feedback early."
What is product-market fit?,Product-market fit occurs when a product successfully satisfies customer demand.
What is a business model?,"A business model explains how a startup creates, delivers, and captures value."
What is a value proposition?,A value proposition explains why customers should choose a product or service.
What is seed funding?,Seed funding is early-stage capital used to develop and validate a startup idea.
What is bootstrapping?,Bootstrapping means building a startup using personal funds or business revenue instead of external investment.
What is an angel investor?,An angel investor is an individual who invests personal money in early-stage startups.
What is venture capital?,Venture capital is funding provided by investors to high-growth startups in exchange for equity.
What is equity?,Equity represents ownership in a company.
What is startup valuation?,Startup valuation is the estimated worth of a startup based on various business factors.
What is intellectual property?,"Intellectual property refers to legally protected creations such as inventions, software, designs, and trademarks."
What is a patent?,A patent provides legal protection for an invention and prevents unauthorized use.
What is a trademark?,"A trademark protects a brand name, logo, symbol, or identifier."
How can startups protect their ideas?,"Startups can use patents, trademarks, copyrights, agreements, and proper documentation."
What is a startup team?,A startup team is a group of individuals working together to build and grow a venture.
Why is teamwork important in startups?,"Strong teamwork improves decision-making, execution, innovation, and problem-solving."
What are startup challenges?,"Common challenges include funding, customer acquisition, competition, product development, and scaling."
What is scalability?,Scalability is the ability of a startup to grow efficiently without a proportional increase in costs.
What is Demo Day?,"Demo Day is an event where startups present their progress to investors, mentors, and industry professionals."
What are the benefits of startup competitions?,"Competitions provide visibility, learning opportunities, feedback, networking, and potential rewards."
How does E-Cell promote innovation?,"E-Cell organizes workshops, speaker sessions, competitions, and entrepreneurial activities that encourage creative thinking."
Can students start a company while studying?,Yes. Many successful startups have been founded by students while pursuing their education.
What is the role of leadership in entrepreneurship?,"Leadership helps entrepreneurs motivate teams, make decisions, solve problems, and achieve business goals."
What is the ultimate objective of E-Cell JNTUH?,The ultimate objective is to foster an entrepreneurial mindset and empower students to transform innovative ideas into impactful ventures.
